City_ID,City,Cloudiness,Country,Date,Humidity,Lat,Max Temp,Wind Speed,lng
0,atuona,6,PF,1571242229,75,-9.8,78.71,19.41,-139.03
1,cape town,0,ZA,1571242229,72,-33.93,72.0,19.46,18.42
2,riyadh,100,SA,1571242230,22,24.63,89.6,4.7,46.72
3,kalininsk,0,RU,1571242230,53,51.5,44.51,6.78,44.48
4,narsaq,20,GL,1571242230,47,60.91,37.4,6.71,-46.05
5,esperance,0,AU,1571241715,87,-33.86,46.4,5.82,121.89
6,pasighat,0,IN,1571242231,75,28.06,72.95,3.12,95.33
7,rikitea,100,PF,1571242231,86,-23.12,73.67,9.31,-134.97
8,provideniya,100,RU,1571241733,98,64.42,32.99,4.76,-173.23
9,puerto ayora,75,EC,1571242232,60,-0.74,73.4,17.22,-90.35
10,busselton,0,AU,1571242232,59,-33.64,46.99,8.12,115.35
11,saint-philippe,40,CA,1571242232,54,45.36,60.01,12.75,-73.48
12,katsuura,40,JP,1571242233,82,33.93,57.2,8.05,134.5
13,butaritari,100,KI,1571242233,86,3.07,77.81,9.2,172.79
14,punta arenas,20,CL,1571242233,70,-53.16,50.0,10.29,-70.91
15,yarada,75,IN,1571241731,94,17.65,78.8,2.24,83.27
16,hermanus,0,ZA,1571242233,60,-34.42,75.0,3.0,19.24
17,ushuaia,0,AR,1571242234,41,-54.81,60.8,8.14,-68.31
18,wenling,99,CN,1571242234,63,28.38,73.99,10.53,121.38
19,deputatskiy,58,RU,1571242234,86,69.3,2.39,2.45,139.9
20,shitanjing,0,CN,1571242234,47,39.23,46.0,1.01,106.34
21,flinders,40,AU,1571242235,100,-34.58,64.0,6.93,150.85
22,gat,40,SN,1571242235,70,14.69,96.8,9.17,-16.54
23,hilo,90,US,1571242235,88,19.71,73.4,8.05,-155.08
24,kainantu,36,PG,1571242236,96,-6.29,56.75,0.29,145.87
25,adrar,40,DZ,1571242236,11,27.87,96.8,6.93,-0.29
26,faanui,8,PF,1571242236,78,-16.48,79.07,10.66,-151.75
27,kungurtug,0,RU,1571242237,56,50.6,31.91,3.95,97.53
28,porto belo,75,BR,1571242240,94,-27.15,75.0,6.93,-48.54
29,sao filipe,6,CV,1571242240,75,14.9,79.79,3.55,-24.5
30,coquimbo,90,CL,1571242241,71,-29.95,57.2,3.36,-71.34
31,new norfolk,1,AU,1571242241,97,-42.78,41.0,4.0,147.06
32,victoria,75,BN,1571242242,94,5.28,78.8,3.36,115.24
33,tuatapere,34,NZ,1571242242,96,-46.13,48.99,2.19,167.69
34,souillac,90,FR,1571242243,87,45.6,60.8,11.41,-0.6
35,kapaa,90,US,1571242243,88,22.08,75.2,9.17,-159.32
36,jamestown,4,AU,1571242243,91,-33.21,43.61,13.9,138.6
37,vaini,100,IN,1571242243,92,15.34,71.69,7.16,74.49
38,severo-kurilsk,98,RU,1571242244,94,50.68,36.23,10.74,156.12
39,saint george,0,GR,1571242244,73,39.45,78.8,8.05,22.34
40,mataura,19,NZ,1571242245,96,-46.19,48.99,3.18,168.86
41,poum,0,MK,1571242245,68,41.28,64.4,2.24,20.71
42,camacha,40,PT,1571242245,68,33.08,71.6,9.17,-16.33
43,ngunguru,5,NZ,1571242246,84,-35.62,51.01,5.01,174.5
44,saskylakh,100,RU,1571242246,95,71.97,10.31,8.78,114.09
45,arraial do cabo,75,BR,1571242246,78,-22.97,78.8,12.75,-42.02
46,port keats,58,AU,1571242246,80,-14.25,79.25,7.66,129.55
47,kaitangata,63,NZ,1571242247,88,-46.28,48.0,1.99,169.85
48,dalmatovo,100,RU,1571242247,82,56.26,36.41,12.45,62.94
49,pandan,100,PH,1571242247,74,11.72,82.49,12.27,122.09
50,albany,40,US,1571242247,58,42.65,61.0,11.41,-73.75
51,bluff,31,AU,1571242248,86,-23.58,69.53,11.67,149.07
52,thompson,90,CA,1571242248,86,55.74,28.4,4.7,-97.86
53,tuktoyaktuk,90,CA,1571242248,92,69.44,24.8,17.22,-133.03
54,kushiro,0,JP,1571242249,76,43.11,45.95,9.99,144.15
55,hamilton,90,CA,1571241718,93,43.26,53.01,9.17,-79.87
56,cherskiy,6,RU,1571242249,90,68.75,24.17,21.08,161.3
57,palana,100,RU,1571242249,94,59.08,29.75,9.98,159.95
58,ponta do sol,2,BR,1571242250,43,-20.63,83.03,7.22,-46.0
59,georgetown,75,GY,1571242250,62,6.8,87.8,11.41,-58.16
60,yar-sale,0,RU,1571242250,87,66.83,25.61,16.37,70.83
61,port alfred,0,ZA,1571242250,87,-33.59,66.0,1.99,26.89
62,daru,23,PG,1571242251,93,-9.07,70.43,4.68,143.21
63,castro,75,CL,1571242254,71,-42.48,51.8,13.87,-73.76
64,nikolskoye,90,RU,1571242254,81,59.7,42.8,6.71,30.79
65,am timan,55,TD,1571242255,85,11.04,77.99,6.83,20.28
66,avarua,96,CK,1571242255,88,-21.21,69.8,3.36,-159.78
67,raudeberg,75,NO,1571242255,76,61.99,53.01,5.82,5.14
68,isangel,20,VU,1571242256,88,-19.55,62.6,14.98,169.27
69,high level,90,CA,1571242256,96,58.52,32.0,5.82,-117.13
70,grand gaube,75,MU,1571242256,94,-20.01,70.0,16.11,57.66
71,tairua,27,NZ,1571242257,78,-37.02,55.99,15.01,175.85
72,cabo san lucas,5,MX,1571242257,74,22.89,82.4,0.92,-109.91
73,klaksvik,100,FO,1571242257,93,62.23,50.0,20.8,-6.59
74,bredasdorp,0,ZA,1571242257,60,-34.53,75.0,10.29,20.04
75,chuy,100,UY,1571242258,91,-33.69,58.37,11.94,-53.46
76,dikson,100,RU,1571242258,75,73.51,25.61,17.41,80.55
77,ribeira grande,40,PT,1571242258,77,38.52,69.8,14.99,-28.7
78,luderitz,36,NA,1571242260,37,-26.65,82.4,12.75,15.16
79,carutapera,76,BR,1571242260,79,-1.2,81.05,14.16,-46.02
80,pitimbu,40,BR,1571242260,51,-7.47,86.0,17.22,-34.81
81,quanzhou,66,CN,1571242261,64,24.9,71.6,6.71,118.59
82,charlestown,75,US,1571242261,63,41.38,64.4,23.04,-71.64
83,adjumani,99,UG,1571242261,83,3.38,77.09,5.42,31.79
84,aklavik,90,CA,1571242261,85,68.22,24.8,12.75,-135.01
85,kupang,20,ID,1571242262,83,-10.16,75.2,6.93,123.6
86,talnakh,75,RU,1571242262,92,69.49,14.0,33.55,88.39
87,grand-lahou,15,CI,1571242263,84,5.24,79.25,13.09,-5.0
88,torbay,90,CA,1571242263,100,47.66,57.99,12.75,-52.73
89,port elizabeth,90,US,1571242263,82,39.31,69.01,10.29,-74.98
90,walvis bay,0,NA,1571242264,47,-22.95,77.0,10.29,14.51
91,clyde river,75,CA,1571242264,92,70.47,26.6,10.29,-68.59
92,sena madureira,93,BR,1571242264,86,-9.07,81.77,2.91,-68.66
93,kodiak,90,US,1571242265,70,39.95,48.0,9.17,-94.76
94,dingle,99,PH,1571241672,90,11.0,74.75,7.73,122.67
95,lavrentiya,100,RU,1571242265,74,65.58,34.61,11.9,-170.99
96,hasaki,25,JP,1571242266,82,35.73,59.0,4.7,140.83
97,mana,77,NG,1571242266,29,13.03,96.35,1.45,5.27
98,yellowknife,90,CA,1571242267,98,62.45,32.0,13.87,-114.38
99,churapcha,100,RU,1571242267,94,62.0,18.41,6.91,132.43
100,tiksi,100,RU,1571242267,96,71.64,22.55,5.41,128.87
101,santa isabel,20,MX,1571242271,29,32.63,77.0,6.93,-115.58
102,ilulissat,40,GL,1571242271,53,69.22,26.6,4.82,-51.1
103,robore,4,BO,1571242271,73,-18.33,75.2,5.25,-59.76
104,sola,55,TZ,1571242272,23,-3.17,88.07,8.51,33.8
105,upernavik,100,GL,1571242272,93,72.79,28.49,9.97,-56.15
106,pocao de pedras,50,BR,1571242272,58,-4.67,88.43,6.31,-44.85
107,barrow,100,AR,1571242273,70,-38.31,56.21,8.11,-60.23
108,jumla,0,NP,1571241711,94,29.28,43.79,2.86,82.18
109,ahipara,80,NZ,1571242273,100,-35.17,52.0,20.41,173.16
110,umm lajj,100,SA,1571242274,58,25.02,84.47,6.24,37.27
111,san patricio,99,PY,1571242274,72,-26.98,73.49,2.85,-56.83
112,cayenne,75,GF,1571242274,62,4.94,87.8,11.41,-52.33
113,san policarpo,27,PH,1571242275,83,12.18,81.05,10.08,125.51
114,oistins,75,BB,1571242275,62,13.07,89.6,13.87,-59.53
115,ishigaki,6,JP,1571242275,82,24.34,78.53,19.56,124.16
116,hobart,0,AU,1571242275,47,-42.88,41.0,8.27,147.33
117,bethel,1,US,1571242276,92,60.79,30.2,5.82,-161.76
118,cockburn town,75,TC,1571242276,70,21.46,86.0,4.7,-71.14
119,tecoanapa,90,MX,1571241695,88,16.99,78.8,2.24,-99.26
120,lieksa,100,FI,1571242277,97,63.32,34.07,3.78,30.02
121,wajir,75,KE,1571242278,52,1.75,89.6,10.32,40.07
122,kupino,100,RU,1571242278,81,54.36,44.15,19.81,77.31
123,nanzhou,86,CN,1571242279,88,29.37,52.61,5.88,112.41
124,tasiilaq,5,GL,1571242279,47,65.61,37.4,7.92,-37.64
125,guerrero,90,AR,1571242279,87,-24.19,51.8,3.36,-65.45
126,lebu,75,ET,1571242280,48,8.96,64.4,9.17,38.73
127,phon,36,TH,1571242280,71,15.81,78.17,10.43,102.61
128,codrington,33,AU,1571242280,88,-28.95,72.0,8.05,153.24
129,mao,20,DO,1571242281,59,19.55,91.0,11.41,-71.08
130,cabedelo,40,BR,1571242282,51,-6.97,86.0,17.22,-34.84
131,fortuna,1,US,1571242282,100,40.6,54.0,10.29,-124.16
132,mombetsu,78,JP,1571242283,62,44.35,50.27,23.94,143.35
133,lodwar,33,KE,1571242283,24,3.12,94.55,13.69,35.6
134,lompoc,1,US,1571242284,87,34.64,70.0,7.78,-120.46
135,houma,5,CN,1571242285,86,35.63,47.39,2.34,111.36
136,trelew,4,AR,1571242285,35,-43.25,60.71,23.29,-65.31
137,asekeyevo,87,RU,1571242286,77,53.57,38.57,7.15,52.8
138,maniitsoq,72,GL,1571242286,48,65.42,36.95,15.87,-52.9
139,sinnamary,44,GF,1571242286,75,5.38,82.85,11.31,-52.96
140,balakhta,91,RU,1571242287,64,55.38,46.13,11.5,91.62
141,obidos,75,PT,1571242288,68,39.36,69.8,16.11,-9.16
142,oussouye,40,SN,1571242291,74,12.49,91.4,4.7,-16.54
143,ixtapa,40,MX,1571242292,70,20.71,87.01,3.06,-105.21
144,half moon bay,75,US,1571242292,81,37.46,57.0,8.58,-122.43
145,rio gallegos,0,AR,1571241731,50,-51.62,57.2,24.16,-69.22
146,galle,100,GN,1571242293,58,10.08,85.91,3.91,-12.83
147,yiyang,100,CN,1571241706,88,28.59,54.59,9.62,112.35
148,salina,1,US,1571242294,65,38.84,50.0,8.05,-97.61
149,dunedin,54,NZ,1571241699,92,-45.87,46.99,1.99,170.5
150,portland,75,US,1571242295,67,43.66,60.01,10.29,-70.25
151,chamba,0,IN,1571242306,72,32.56,61.25,5.94,76.12
152,east london,0,ZA,1571242316,64,-33.02,75.2,9.17,27.91
153,biak,12,ID,1571242316,78,-0.91,81.41,10.48,122.88
154,ypsonas,20,CY,1571242317,65,34.69,82.4,4.7,32.96
155,zyryanka,59,RU,1571242318,94,65.73,8.69,7.37,150.89
156,deer lake,40,CA,1571242318,66,49.18,53.01,14.99,-57.43
157,maldonado,75,UY,1571242319,68,-34.91,64.4,17.22,-54.96
158,nicoya,40,CR,1571242323,74,10.15,84.2,3.36,-85.45
159,port hedland,0,AU,1571242327,88,-20.31,71.6,6.93,118.58
160,chapais,90,CA,1571242327,93,49.78,35.6,4.7,-74.86
161,yenagoa,100,NG,1571242327,86,4.92,80.33,6.1,6.26
162,santiago del estero,100,AR,1571242328,80,-27.8,51.71,2.36,-64.26
163,quatre cocos,75,MU,1571242328,94,-20.21,70.0,16.11,57.76
164,fairbanks,1,US,1571242329,57,64.84,23.0,2.51,-147.72
165,ostrovnoy,100,RU,1571242330,92,68.05,29.39,5.11,39.51
166,zalantun,0,CN,1571242331,53,48.0,41.81,3.18,122.72
167,te anau,61,NZ,1571242331,87,-45.41,45.41,5.6,167.72
168,sarangani,86,PH,1571242332,71,5.4,83.57,4.57,125.46
169,iqaluit,90,CA,1571242333,80,63.75,33.8,3.36,-68.52
170,khatanga,96,RU,1571242334,95,71.98,6.35,3.25,102.47
171,znamenskoye,100,RU,1571242334,86,57.13,40.55,9.08,73.82
172,egvekinot,64,RU,1571242334,95,66.32,21.65,14.72,-179.17
173,jishui,69,CN,1571242335,57,27.23,62.15,7.44,115.13
174,zhigansk,100,RU,1571242335,95,66.77,31.91,25.79,123.37
175,zhicheng,4,CN,1571242335,80,35.04,50.63,1.13,112.59
176,ugoofaaru,93,MV,1571241745,68,5.67,84.11,3.86,73.0
177,yamada,40,JP,1571242336,87,36.58,55.0,3.36,137.08
178,naze,75,NG,1571242336,66,5.43,87.8,6.93,7.07
179,lorengau,0,PG,1571242337,75,-2.02,83.93,8.69,147.27
180,port lincoln,0,AU,1571241741,73,-34.72,49.91,14.64,135.86
181,petropavlovsk-kamchatskiy,20,RU,1571242338,74,53.05,30.2,18.9,158.65
182,bathsheba,75,BB,1571242348,62,13.22,89.6,13.87,-59.52
183,fare,33,PF,1571242348,78,-16.7,79.07,8.64,-151.02
184,semirom,9,IR,1571242348,34,31.41,49.19,6.78,51.57
185,broome,75,GB,1571242349,82,52.47,59.0,6.93,1.45
186,vanimo,100,PG,1571242349,73,-2.67,83.75,7.75,141.3
187,vao,100,EE,1571242350,94,59.1,48.83,5.69,26.19
188,clemson,1,US,1571242350,77,34.69,71.6,10.29,-82.84
189,miandoab,3,IR,1571242351,26,36.97,59.0,4.7,46.1
190,vadso,75,NO,1571242351,73,70.07,32.0,8.05,29.75
191,bogorodskoye,25,RU,1571242351,87,52.37,25.07,2.56,140.44
192,mezhdurechensk,100,RU,1571242352,66,53.69,45.41,8.85,88.07
193,ortakoy,75,TR,1571242352,52,38.74,68.0,10.29,34.04
194,presidencia roque saenz pena,100,AR,1571242356,85,-26.79,56.57,4.57,-60.44
195,bayeux,40,BR,1571242356,51,-7.13,86.0,17.22,-34.94
196,sao joao da barra,20,BR,1571242356,58,-21.64,84.2,20.8,-41.05
197,nome,90,US,1571242357,88,30.04,75.2,8.05,-94.42
198,sur,0,OM,1571242357,64,22.57,80.69,6.6,59.53
199,verkh-chebula,100,RU,1571242361,80,56.03,46.31,15.36,87.61
200,constitucion,5,MX,1571242361,52,23.99,70.0,5.82,-104.67
201,torres,100,BR,1571242361,86,-29.34,67.19,24.14,-49.73
202,hirara,0,JP,1571242361,85,24.8,78.71,14.94,125.28
203,carnarvon,0,ZA,1571242362,5,-30.97,90.05,6.87,22.13
204,suez,0,EG,1571242363,38,29.97,85.01,16.51,32.54
205,naukot,97,PK,1571242363,20,26.04,92.75,4.34,69.12
206,salihorsk,0,BY,1571242364,67,52.79,59.09,9.76,27.54
207,geraldton,90,CA,1571242364,86,49.72,37.4,6.93,-86.95
208,acapulco,90,MX,1571242364,83,16.86,80.6,4.24,-99.88
209,okhotsk,8,RU,1571242365,57,59.36,19.67,19.06,143.24
210,visby,90,SE,1571242365,93,57.64,55.99,8.05,18.3
211,syracuse,90,US,1571242365,77,43.05,62.01,18.34,-76.15
212,paraiso,40,BR,1571242366,56,-0.03,93.2,9.17,-51.17
213,valleyview,11,CA,1571242366,89,55.07,33.35,4.8,-117.28
214,manokwari,44,ID,1571242367,81,-0.87,73.85,3.71,134.08
215,dicabisagan,48,PH,1571242367,89,17.08,76.01,10.13,122.42
216,parana,96,BR,1571242368,70,-7.52,86.0,2.24,-72.89
217,mar del plata,0,AR,1571242368,52,-46.43,55.85,15.3,-67.52
218,qazvin,0,IR,1571242368,65,36.28,62.6,7.08,50.01
219,port hawkesbury,20,CA,1571242369,76,45.62,59.0,6.93,-61.36
220,pangnirtung,90,CA,1571242369,64,66.15,33.8,6.27,-65.72
221,port-gentil,40,GA,1571242369,83,-0.72,82.4,6.93,8.78
222,kahului,1,US,1571242369,73,20.89,77.0,12.75,-156.47
223,udachnyy,90,RU,1571242370,93,66.42,37.4,8.95,112.4
224,red wing,90,US,1571242370,56,44.56,46.0,11.41,-92.53
225,milkovo,20,BG,1571242370,72,41.53,69.8,1.52,24.68
226,ahar,0,IR,1571242371,38,38.48,59.63,6.15,47.07
227,kushima,81,JP,1571242371,82,31.5,62.01,4.0,131.29
228,boyolangu,100,ID,1571242371,91,-8.09,71.87,5.23,111.9
229,hithadhoo,88,MV,1571242372,79,-0.6,81.77,12.18,73.08
230,montana,0,BG,1571242372,40,43.41,73.99,2.74,23.22
231,valle nacional,0,MX,1571242372,72,25.06,67.73,7.48,-104.49
232,oktyabrskiy,98,RU,1571242373,65,55.61,46.4,11.18,37.97
233,nanortalik,10,GL,1571242373,56,60.14,39.83,8.79,-45.24
234,likasi,100,CD,1571242373,58,-10.99,71.87,1.02,26.74
235,vila velha,20,BR,1571242374,52,-3.71,87.8,20.8,-38.6
236,vestmanna,100,FO,1571242374,93,62.16,50.0,20.8,-7.17
237,tautira,20,PF,1571242374,78,-17.73,75.2,11.48,-149.15
238,labytnangi,77,RU,1571242375,70,66.66,26.33,12.66,66.39
239,kalang,40,AU,1571242375,88,-30.51,68.0,14.99,152.69
240,mayo,90,CA,1571242375,79,63.59,24.8,8.05,-135.9
241,santa teresa,40,BR,1571242376,61,-19.94,82.4,17.22,-40.6
242,los llanos de aridane,75,ES,1571242376,60,28.66,75.2,4.7,-17.92
243,makat,100,KZ,1571242376,52,47.65,56.93,13.45,53.35
244,bull savanna,0,JM,1571242377,61,17.89,82.49,3.82,-77.59
245,port blair,100,IN,1571242377,78,11.67,84.29,9.4,92.75
246,darnah,31,LY,1571242378,74,32.77,73.85,11.94,22.64
247,pilar,75,AR,1571242378,87,-34.46,64.0,17.22,-58.91
248,kavaratti,70,IN,1571242378,72,10.57,83.93,5.43,72.64
249,general roca,90,AR,1571242379,66,-39.03,53.6,15.09,-67.58
250,ancud,75,CL,1571242379,71,-41.87,51.8,13.87,-73.83
251,airai,0,TL,1571242383,91,-8.93,61.97,1.76,125.41
252,avinurme,98,EE,1571242383,91,58.99,48.29,5.97,26.87
253,yakeshi,0,CN,1571242388,49,49.28,38.21,2.88,120.73
254,luanda,40,AO,1571242391,69,-8.83,82.4,12.75,13.24
255,sandane,75,NO,1571242402,87,61.77,53.01,4.7,6.22
256,madison,75,US,1571242403,61,43.07,48.99,10.29,-89.38
257,kayes,0,ML,1571242406,53,14.44,96.8,6.93,-11.44
258,ondangwa,20,NA,1571242407,13,-17.91,100.4,8.05,15.98
259,katherine,0,AU,1571242407,48,-14.47,84.2,9.17,132.26
260,chistogorskiy,100,RU,1571242408,61,53.98,46.67,4.3,87.38
261,rayadrug,76,IN,1571242408,88,14.7,73.13,10.64,76.87
262,altar,0,MX,1571242409,53,30.72,75.99,1.99,-111.84
263,norman wells,90,CA,1571242409,100,65.28,28.4,2.24,-126.83
264,kumukh,0,RU,1571242410,66,42.17,35.15,1.16,47.12
265,yaring,20,TH,1571242410,94,6.87,78.8,2.24,101.37
266,laguna,20,BZ,1571242410,55,16.17,91.4,1.16,-88.94
267,svetlogorsk,75,RU,1571242411,74,53.14,33.8,11.18,59.15
268,macklin,0,CA,1571242411,79,52.34,37.13,1.45,-109.94
269,tra vinh,55,VN,1571242412,80,9.93,80.51,7.33,106.35
270,banjar,39,ID,1571242412,89,-7.37,72.41,0.51,108.54
271,srednekolymsk,93,RU,1571242412,94,67.46,5.81,4.21,153.71
272,indi,99,IN,1571242412,80,17.17,76.91,9.18,75.96
273,kijang,33,KR,1571242413,82,35.24,55.4,5.82,129.21
274,zuwarah,21,LY,1571242413,64,32.93,77.63,12.33,12.08
275,yangjiang,20,CN,1571242416,87,21.85,71.51,1.57,111.96
276,beringovskiy,67,RU,1571242427,80,63.05,36.23,13.6,179.32
277,njombe,5,TZ,1571242427,77,-9.34,65.93,6.89,34.77
278,dzaoudzi,20,YT,1571242437,83,-12.79,80.6,8.05,45.27
279,ibra,0,OM,1571242437,13,22.69,90.05,10.01,58.55
280,san-pedro,18,CI,1571242438,85,4.75,79.07,11.63,-6.64
281,pineville,90,US,1571242441,77,31.32,64.0,6.93,-92.43
282,smoky lake,0,CA,1571242442,91,54.11,39.99,5.99,-112.47
283,beruwala,100,LK,1571242452,89,6.48,77.63,10.09,79.98
284,nago,5,IT,1571242473,55,45.88,69.01,4.7,10.89
285,henties bay,0,NA,1571242476,83,-22.12,64.0,7.0,14.28
286,ukiah,1,US,1571242476,75,39.15,57.0,1.64,-123.21
287,qaanaaq,100,GL,1571242478,87,77.48,14.63,6.15,-69.36
288,siavonga,0,ZW,1571242481,33,-16.54,89.69,3.64,28.71
289,abu dhabi,0,AE,1571242482,55,24.47,89.6,6.93,54.37
290,port hardy,90,CA,1571242482,87,50.7,51.8,24.16,-127.42
291,tura,99,RU,1571242482,94,64.27,35.15,7.64,100.22
292,yulara,0,AU,1571242482,26,-25.24,71.6,9.17,130.99
293,krasnovishersk,93,RU,1571242483,88,60.4,32.09,8.11,57.08
294,kalmunai,98,LK,1571242483,82,7.42,81.05,18.68,81.82
295,vestmannaeyjar,75,IS,1571242484,87,63.44,46.4,29.97,-20.27
296,anadyr,75,RU,1571242484,93,64.73,37.0,17.9,177.51
297,charlottesville,90,US,1571242484,87,38.03,54.0,5.82,-78.48
298,port moresby,0,PG,1571242485,88,-9.47,75.29,16.95,147.16
299,chokurdakh,0,RU,1571242485,95,70.62,7.43,6.19,147.9
300,pevek,0,RU,1571242502,80,69.7,29.93,8.22,170.27
301,gao,0,ML,1571242523,14,16.28,103.37,7.9,-0.04
302,ventersburg,0,ZA,1571242523,11,-28.08,88.79,6.49,27.14
303,lasa,20,CY,1571242524,61,34.92,80.6,3.36,32.53
304,tsogni,44,GA,1571242524,86,-2.79,78.89,14.55,10.1
305,longyearbyen,75,NO,1571242524,95,78.22,32.0,14.99,15.63
306,anderson,90,US,1571242525,93,34.51,69.01,5.82,-82.65
307,ambon,100,FR,1571242525,100,47.55,60.01,11.41,-2.56
308,kailua,40,US,1571242529,69,21.39,80.6,6.93,-157.74
309,plettenberg bay,38,ZA,1571242529,59,-34.05,66.47,2.8,23.37
310,roswell,1,US,1571242529,38,33.39,59.0,9.17,-104.52
311,grindavik,100,IS,1571242530,66,63.84,53.6,16.11,-22.43
312,hofn,75,IS,1571242530,70,64.25,44.6,28.86,-15.21
313,sartell,90,US,1571242530,80,45.62,45.0,5.82,-94.21
314,jacareacanga,75,BR,1571242531,83,-6.22,80.6,3.36,-57.76
315,kruisfontein,0,ZA,1571242531,38,-34.0,75.65,8.34,24.73
316,cuenca,90,EC,1571242534,67,-2.9,62.6,5.69,-79.0
317,camamu,94,BR,1571242535,64,-13.94,79.79,10.04,-39.11
318,mahebourg,75,MU,1571242535,88,-20.41,71.6,16.11,57.7
319,tual,85,ID,1571242535,82,-5.67,78.53,9.45,132.75
320,pundaguitan,51,PH,1571242536,77,6.37,82.49,9.19,126.17
321,aguas formosas,80,BR,1571242536,44,-17.08,83.57,6.81,-40.94
322,lingao,0,CN,1571242536,75,19.91,79.61,19.07,109.69
323,muros,75,ES,1571242537,100,42.77,64.99,18.34,-9.06
324,ponca city,1,US,1571242537,53,36.73,55.0,8.05,-97.07
325,mehamn,40,NO,1571242539,89,71.03,33.8,5.82,27.85
326,zlynka,23,RU,1571242539,52,52.43,66.2,11.18,31.74
327,saldanha,89,PT,1571242539,63,41.42,60.71,14.13,-6.55
328,saint-augustin,90,CA,1571242539,58,45.63,60.01,18.34,-73.98
329,porto walter,31,BR,1571242540,39,-8.27,95.63,0.85,-72.74
330,sobolevo,11,RU,1571242541,83,54.43,56.57,14.67,31.9
331,ghanzi,0,BW,1571242541,17,-21.7,91.13,18.76,21.65
332,bogovarovo,100,RU,1571242542,87,58.98,34.25,2.81,47.02
333,bahia blanca,95,AR,1571242542,52,-38.72,60.17,6.84,-62.27
334,klamath falls,1,US,1571242542,60,42.22,46.0,2.7,-121.78
335,bambous virieux,75,MU,1571242542,88,-20.34,71.6,16.11,57.76
336,porgera,95,PG,1571242543,97,-5.46,51.53,0.72,143.15
337,hobbs,1,US,1571242544,37,32.7,57.99,4.7,-103.14
338,wanning,0,AT,1571242544,51,48.64,63.0,1.12,13.53
339,college,40,US,1571242544,78,64.86,23.0,2.46,-147.8
340,selestat,0,FR,1571242545,48,48.27,66.2,6.93,7.45
341,lazaro cardenas,75,MX,1571242545,72,28.39,62.6,13.87,-105.62
342,usinsk,85,RU,1571242545,74,66.0,26.33,6.11,57.56
343,senneterre,90,CA,1571242546,100,48.39,41.0,9.17,-77.24
344,birmitrapur,29,IN,1571242546,83,22.4,72.95,3.61,84.77
345,cuiluan,0,CN,1571242546,66,47.72,30.83,3.64,128.65
346,margate,0,AU,1571242546,99,-43.03,41.0,3.0,147.26
347,belaya gora,0,RU,1571242547,92,68.54,9.41,6.53,146.19
348,bandarbeyla,67,SO,1571242547,80,9.49,81.77,14.22,50.81
349,cedar city,1,US,1571242547,20,37.68,52.0,4.97,-113.06
350,comodoro rivadavia,75,AR,1571242548,58,-45.87,53.6,11.41,-67.48
351,turtas,83,RU,1571242548,90,58.94,34.43,10.46,69.13
352,tefe,40,BR,1571242549,83,-3.35,80.6,2.47,-64.71
353,nichinan,81,JP,1571242549,82,31.65,62.01,4.0,131.31
354,lircay,40,PE,1571242550,37,-12.99,68.0,5.82,-74.72
355,tiznit,100,MA,1571242550,40,29.7,72.23,10.3,-9.73
356,cidreira,100,BR,1571242550,91,-30.17,65.75,24.05,-50.22
357,kuala terengganu,75,MY,1571242551,94,5.33,80.6,2.39,103.14
358,saint anthony,1,US,1571242551,60,43.97,53.6,3.36,-111.68
359,namatanai,100,PG,1571242551,80,-3.66,81.41,8.64,152.44
360,rundu,0,NA,1571242552,9,-17.91,95.0,12.75,19.77
361,lokosovo,100,RU,1571242552,97,61.13,37.67,5.34,74.84
362,ellensburg,90,US,1571242553,75,47.0,48.2,4.7,-120.55
363,talcahuano,40,CL,1571242554,58,-36.72,57.2,12.75,-73.12
364,atambua,32,ID,1571242554,80,-9.11,71.33,3.92,124.89
365,kamenka,4,MD,1571242555,65,48.03,59.0,7.18,28.7
366,hami,0,CN,1571242556,65,42.84,48.65,5.67,93.51
367,curup,89,ID,1571242556,81,-3.47,69.89,2.47,102.53
368,hibbing,90,US,1571242557,86,47.43,41.0,6.93,-92.94
369,shu,0,KZ,1571242557,41,43.6,58.19,3.35,73.76
370,sumenep,0,ID,1571242557,76,-7.02,80.87,15.35,113.87
371,alugan,27,PH,1571242558,83,12.22,81.05,10.08,125.48
372,shingu,96,JP,1571242558,85,33.72,69.35,18.13,135.99
373,wairoa,39,NZ,1571242558,97,-39.04,48.99,1.99,177.43
374,joensuu,90,FI,1571242559,100,62.6,36.0,8.05,29.76
375,vysokogornyy,0,RU,1571242562,95,50.1,22.19,2.34,139.13
376,alofi,100,NU,1571242562,94,-19.06,77.0,5.82,-169.92
377,ahuimanu,40,US,1571242563,69,21.44,80.6,6.93,-157.84
378,okha,89,RU,1571242563,75,53.59,33.35,9.25,142.95
379,kolobrzeg,100,PL,1571242563,93,54.18,55.99,15.51,15.58
380,baruun-urt,3,MN,1571242564,24,46.68,35.69,6.75,113.28
381,sattahip,20,TH,1571242564,78,12.67,89.01,5.82,100.9
382,tolaga bay,55,NZ,1571242566,82,-38.37,55.49,16.54,178.3
383,omsukchan,100,RU,1571242566,95,62.53,13.01,6.15,155.8
384,auki,100,NG,1571242567,43,12.18,90.77,5.4,6.51
385,merauke,33,ID,1571242567,87,-8.49,73.85,7.84,140.4
386,liverpool,20,GB,1571242568,71,53.41,57.99,10.29,-2.98
387,mezen,95,RU,1571242568,88,65.85,32.81,4.85,44.24
388,camopi,49,GF,1571242568,36,3.17,96.71,3.53,-52.33
389,huaiyuan,100,CN,1571242568,63,32.97,54.41,6.72,117.2
390,lakes entrance,99,AU,1571242569,91,-37.88,53.01,8.63,147.99
391,sume,11,RS,1571242569,43,43.62,71.6,2.78,20.22
392,abha,75,SA,1571242569,21,18.22,71.6,12.75,42.5
393,la macarena,100,CO,1571242569,83,2.18,75.83,3.2,-73.79
394,sibolga,99,ID,1571242570,98,1.74,72.95,0.77,98.78
395,berlevag,98,NO,1571242570,86,70.86,32.0,13.87,29.09
396,kosh-agach,100,RU,1571242570,49,49.99,30.47,1.82,88.66
397,progreso,75,UY,1571242571,68,-34.68,64.4,14.99,-56.22
398,maraa,100,BR,1571242571,72,-1.83,80.87,0.34,-65.37
399,sterling,90,US,1571242571,100,39.0,63.0,3.36,-77.4
400,leningradskiy,0,RU,1571242572,83,69.38,34.79,7.2,178.42
401,lagoa,20,PT,1571242572,60,37.14,70.0,10.29,-8.45
402,sorland,20,NO,1571242572,70,67.67,44.6,18.34,12.69
403,mount gambier,75,AU,1571242572,87,-37.83,46.4,12.75,140.78
404,irbeyskoye,92,RU,1571242573,81,55.64,41.63,4.45,95.45
405,ust-kuyga,96,RU,1571242573,85,70.0,12.47,8.3,135.55
406,gboko,81,NG,1571242573,69,7.32,84.29,5.39,9.0
407,varhaug,40,NO,1571242574,81,58.61,53.6,6.93,5.65
408,ilo,75,PE,1571242574,73,-17.65,69.8,8.05,-71.34
409,young,100,UY,1571242575,86,-32.7,62.01,4.0,-57.63
410,mehkar,29,IN,1571242575,70,20.15,73.85,6.1,76.57
411,umm kaddadah,100,SD,1571242575,35,13.6,89.33,6.08,26.69
412,cayon,0,KN,1571242575,62,17.35,87.8,8.05,-62.73
413,zhangjiakou,62,CN,1571242576,37,40.77,41.99,1.55,114.88
414,tarko-sale,100,RU,1571242576,88,64.92,21.99,21.74,77.78
415,vila franca do campo,75,PT,1571242576,94,37.72,71.01,21.92,-25.43
416,conceicao da barra,0,BR,1571242577,73,-18.59,76.19,12.21,-39.73
417,bonavista,99,CA,1571242577,81,48.65,48.99,1.99,-53.11
418,sao domingos do maranhao,99,BR,1571242577,43,-5.58,93.83,4.66,-44.39
419,mount isa,32,AU,1571242577,19,-20.73,91.4,10.29,139.49
420,seoul,100,KR,1571242578,87,37.57,57.2,3.36,126.98
421,derzhavinsk,48,KZ,1571242578,75,51.1,42.89,15.31,66.31
422,cervo,40,BR,1571242578,53,-22.19,77.0,6.78,-46.24
423,atar,0,MR,1571242578,16,20.52,101.39,16.35,-13.05
424,meulaboh,100,ID,1571242578,77,4.14,81.95,4.98,96.13
425,bereda,75,ES,1571242579,93,43.27,62.6,8.05,-7.54
426,hecun,86,CN,1571242579,75,29.94,57.47,1.69,119.31
427,hammerfest,20,NO,1571242579,80,70.66,35.6,11.41,23.68
428,cravo norte,96,CO,1571242579,70,6.3,84.11,5.06,-70.2
429,moctezuma,0,MX,1571242580,53,29.81,70.61,5.27,-109.68
430,richmond,90,CA,1571242580,87,49.16,55.0,16.11,-123.14
431,tuy hoa,99,VN,1571242580,81,13.08,80.69,13.65,109.3
432,luxor,75,EG,1571242580,46,25.7,91.4,3.36,32.65
433,susanville,1,US,1571242580,51,40.42,39.2,3.36,-120.65
434,pampa,1,US,1571242581,43,35.54,57.2,6.93,-100.96
435,guerrero negro,0,MX,1571242582,74,27.97,69.17,6.75,-114.04
436,sitka,0,US,1571242582,48,37.17,52.0,5.01,-99.65
437,soderhamn,100,SE,1571242582,98,61.3,44.01,1.99,17.06
438,santo estevao,59,BR,1571242583,48,-12.43,85.19,10.45,-39.25
439,ekhabi,89,RU,1571242583,75,53.51,33.35,9.25,142.97
440,tromso,20,NO,1571242583,86,69.65,32.0,4.7,18.96
441,arlit,0,NE,1571242584,9,18.74,101.93,6.45,7.39
442,kampot,40,KH,1571242584,70,10.62,84.2,8.05,104.18
443,duma,0,CN,1571242584,82,34.88,50.09,2.54,111.1
444,vostok,32,RU,1571242584,90,46.45,25.43,4.32,135.83
445,puerto carreno,75,CO,1571242584,74,6.19,84.2,5.26,-67.49
446,tessalit,4,ML,1571242585,11,20.2,101.21,3.43,1.01
447,ust-ilimsk,56,RU,1571242585,94,57.96,41.09,4.49,102.73
448,kennett,1,US,1571242585,58,36.24,57.2,12.48,-90.06
449,barabinsk,100,RU,1571242585,95,55.35,43.79,9.25,78.35
450,jinxiang,100,CN,1571242586,42,35.07,54.77,4.47,116.31
451,scottsbluff,1,US,1571242586,56,41.87,55.99,4.7,-103.67
452,banda aceh,76,ID,1571242587,92,5.56,75.29,1.61,95.32
453,mudon,88,MM,1571242587,75,16.26,81.23,5.41,97.73
454,jacksonville,75,US,1571242587,58,30.33,87.8,21.92,-81.66
455,myitkyina,33,MM,1571242588,87,25.38,71.33,1.45,97.4
456,lukulu,0,ZM,1571242588,11,-14.38,94.91,9.68,23.24
457,ramanuj ganj,0,IN,1571242589,69,23.81,71.69,1.7,83.7
458,puerto lleras,40,CO,1571242590,43,8.16,87.8,19.46,-72.46
459,samarai,57,PG,1571242590,85,-10.62,72.23,5.52,150.67
460,paamiut,100,GL,1571242590,57,61.99,37.31,5.73,-49.67
461,pisco,40,PE,1571242591,30,-13.71,71.6,8.05,-76.2
462,araouane,0,ML,1571242591,10,18.9,102.47,16.93,-3.53
463,sao miguel do araguaia,30,BR,1571242591,23,-13.28,103.01,4.78,-50.16
464,ciudad bolivar,61,VE,1571242591,68,8.12,85.01,6.52,-63.55
465,batsfjord,40,NO,1571242592,80,70.63,32.0,6.93,29.72
466,caravelas,59,BR,1571242592,55,-17.73,82.31,12.97,-39.27
467,nhulunbuy,0,AU,1571242592,88,-12.18,69.8,4.02,136.78
468,komatipoort,0,MZ,1571242592,57,-25.43,79.0,12.7,31.96
469,aligudarz,0,IR,1571242593,23,33.4,55.85,5.68,49.69
470,arauco,40,CL,1571242593,58,-37.25,57.2,12.75,-73.32
471,dakar,40,SN,1571242593,70,14.69,89.6,9.17,-17.45
472,tomohon,20,ID,1571242594,83,1.33,77.0,1.12,124.84
473,atasu,100,KZ,1571242594,80,48.68,51.53,6.02,71.64
474,tilichiki,100,RU,1571242594,83,60.47,27.41,13.16,166.1
475,pangai,100,TO,1571242595,84,-19.8,77.63,11.54,-174.35
476,groa,90,FR,1571242595,71,48.67,57.2,5.82,-4.14
477,mbala,71,ZM,1571242595,43,-8.85,76.37,7.49,31.37
478,baoqing,30,CN,1571242596,58,46.32,38.39,8.44,132.2
479,ratnagiri,100,IN,1571242596,84,16.98,77.45,1.66,73.3
480,nioro,36,GM,1571242596,40,13.79,96.53,6.38,-15.05
481,la paz,40,MX,1571242596,78,24.15,82.4,5.82,-110.32
482,mayumba,85,GA,1571242597,88,-3.44,78.35,14.02,10.65
483,aragarcas,1,BR,1571242597,22,-15.9,100.4,9.17,-52.25
484,lucapa,100,AO,1571242597,84,-8.42,76.01,2.46,20.74
485,kyrksaeterora,75,NO,1571242598,66,63.29,48.2,21.92,9.09
486,dindori,7,IN,1571242598,77,22.94,67.01,2.86,81.08
487,tomatlan,98,MX,1571242599,83,19.93,76.37,2.04,-105.25
488,waycross,75,US,1571242599,54,31.21,82.99,10.29,-82.35
489,saint-francois,9,FR,1571242599,49,46.42,68.0,2.24,3.91
490,alamogordo,1,US,1571242600,38,32.9,64.0,8.05,-105.96
491,batemans bay,28,AU,1571242600,96,-35.71,55.99,1.01,150.18
492,labuhan,71,ID,1571242600,87,-2.54,74.93,2.44,115.51
493,martapura,40,ID,1571242600,83,-3.41,80.6,2.24,114.85
494,visselhovede,75,DE,1571242601,77,52.98,60.8,6.93,9.6
495,tezu,0,IN,1571242601,77,27.93,67.37,4.24,96.16
496,skjervoy,26,NO,1571242601,63,70.03,35.6,11.41,20.97
497,la ronge,90,CA,1571242601,96,55.1,33.8,12.75,-105.3
498,mahon,40,IE,1571242602,76,51.89,55.0,16.11,-8.4
499,launceston,40,AU,1571242602,93,-41.43,41.0,1.81,147.14
500,brigantine,75,US,1571242602,100,39.41,69.01,13.87,-74.36
501,santa rosalia,20,IT,1571242602,60,38.07,70.0,13.87,13.27
502,harrison,90,US,1571242603,66,39.26,48.2,10.29,-84.82
503,lumeje,61,AO,1571242603,35,-11.56,86.09,7.43,20.78
504,rodeo,0,MX,1571242603,72,25.18,67.73,7.48,-104.56
505,sioux lookout,90,CA,1571242603,96,50.1,35.6,5.82,-91.92
506,manadhoo,98,MV,1571242604,65,5.77,84.29,1.4,73.38
507,hualmay,2,PE,1571242604,51,-11.1,72.59,9.19,-77.61
508,almenara,31,BR,1571242604,44,-16.17,83.93,6.93,-40.69
509,tolbazy,90,RU,1571242604,64,54.01,39.2,11.18,55.89
510,freetown,40,BS,1571242605,70,26.61,86.0,11.41,-78.36
511,pritzwalk,100,DE,1571242605,88,53.15,55.99,1.01,12.18
512,aulla,40,IT,1571242605,68,44.21,68.0,11.41,9.97
513,qaqortoq,20,GL,1571242606,47,60.72,37.4,5.75,-46.03
514,impfondo,43,CD,1571242606,53,1.62,86.09,1.5,18.06
515,namibe,44,AO,1571242606,82,-15.19,71.87,6.21,12.15
516,ossora,100,RU,1571242606,65,59.24,32.63,7.14,163.07
517,petlawad,0,IN,1571242607,54,22.96,76.19,6.68,74.82
518,ambovombe,0,MG,1571242607,75,-25.18,71.33,18.77,46.09
519,angarsk,91,RU,1571242607,85,52.53,33.8,6.71,103.88
520,ayan,35,IR,1571242607,27,38.23,51.53,2.72,44.7
521,rensvik,75,NO,1571242608,87,63.1,46.4,5.82,7.82
522,casablanca,0,MA,1571242608,53,33.6,71.6,11.41,-7.62
523,wagar,100,US,1571242608,95,31.44,72.0,8.12,-87.99
524,sao jose da coroa grande,100,BR,1571242608,66,-8.9,79.07,11.87,-35.15
525,sungai besar,75,MY,1571242609,83,3.68,82.4,8.36,100.99
526,axim,100,GH,1571242609,78,4.87,81.95,8.83,-2.24
527,bahawalpur,0,PK,1571242609,16,29.39,83.39,2.62,71.66
528,mount pleasant,1,US,1571242609,44,33.16,62.01,8.05,-94.97
529,dhidhdhoo,100,MV,1571242610,65,6.88,83.93,1.7,73.1
530,callaway,90,US,1571242610,100,46.98,41.0,3.36,-95.91
531,pemba,20,MZ,1571242611,78,-12.97,78.8,17.22,40.52
532,sinop,7,TR,1571242611,91,42.03,64.31,13.12,35.15
533,sheridan,75,US,1571242611,25,39.65,64.99,6.85,-105.03
534,filadelfia,71,PY,1571242612,55,-22.35,74.21,6.94,-60.04
535,cap-aux-meules,20,CA,1571242612,62,47.38,53.6,11.41,-61.86
536,tocopilla,0,CL,1571242612,23,-22.09,74.21,7.76,-70.2
537,puerto madero,90,AR,1571242612,93,-34.61,64.4,11.41,-58.36
538,gilau,0,RO,1571242613,40,46.73,71.6,2.24,23.36
539,najran,75,SA,1571242613,24,17.54,82.4,13.87,44.22
540,avera,75,US,1571242613,69,33.19,77.0,10.29,-82.53
541,cabinda,40,AO,1571242613,78,-5.56,82.4,6.93,12.19
542,bacolod,100,PH,1571242614,86,10.68,75.11,4.71,122.95
543,kurilsk,24,RU,1571242614,79,45.23,47.75,13.07,147.88
544,zhucheng,40,CN,1571242614,87,30.85,55.4,4.47,114.8
545,orodara,40,BF,1571242614,62,10.98,89.6,4.7,-4.92
546,taldan,3,RU,1571242614,81,53.69,29.21,2.28,124.82
547,sao joao do piaui,100,BR,1571242615,33,-8.36,92.93,9.71,-42.25
548,cartagena del chaira,96,CO,1571242615,79,1.33,78.17,1.95,-74.84
549,cotonou,40,BJ,1571242615,79,6.37,84.2,13.87,2.43
550,yatou,40,CM,1571242616,79,3.63,84.2,6.93,9.81
551,eenhana,20,NA,1571242616,13,-17.48,100.4,8.05,16.34
552,porosozero,100,RU,1571242616,97,62.72,32.81,5.78,32.71
553,priyutnoye,0,RU,1571242616,82,46.1,57.0,8.99,43.51
554,tabou,47,CI,1571242617,81,4.42,81.05,6.89,-7.36
